<?xml version="1.0" encoding="UTF-8"?>
<!DOCTYPE topology SYSTEM "hwloc.dtd">
<topology>
  <object type="Machine" os_level="-1" os_index="0" cpuset="0x0000000f" complete_cpuset="0x0000000f" online_cpuset="0x0000000f" allowed_cpuset="0x0000000f" nodeset="0x00000003" complete_nodeset="0x00000003" allowed_nodeset="0x00000003">
    <page_type size="4096" count="0"/>
    <page_type size="2097152" count="0"/>
    <info name="DMIProductName" value="PowerEdge R410"/>
    <info name="DMIProductVersion" value=""/>
    <info name="DMIBoardVendor" value="Dell Inc."/>
    <info name="DMIBoardName" value="0N051F"/>
    <info name="DMIBoardVersion" value="A01"/>
    <info name="DMIBoardAssetTag" value=""/>
    <info name="DMIChassisVendor" value="Dell Inc."/>
    <info name="DMIChassisType" value="23"/>
    <info name="DMIChassisVersion" value=""/>
    <info name="DMIChassisAssetTag" value=""/>
    <info name="DMIBIOSVendor" value="Dell Inc."/>
    <info name="DMIBIOSVersion" value="1.0.5"/>
    <info name="DMIBIOSDate" value="04/14/2009"/>
    <info name="DMISysVendor" value="Dell Inc."/>
    <info name="Backend" value="Linux"/>
    <info name="OSName" value="Linux"/>
    <info name="OSRelease" value="2.6.27.39-0.3-perfctr"/>
    <info name="OSVersion" value="#1 SMP 2009-11-23 12:57:38 +0100"/>
    <info name="HostName" value="devel09"/>
    <info name="Architecture" value="x86_64"/>
    <object type="NUMANode" os_level="-1" os_index="0" cpuset="0x00000005" complete_cpuset="0x00000005" online_cpuset="0x00000005" allowed_cpuset="0x00000005" nodeset="0x00000001" complete_nodeset="0x00000001" allowed_nodeset="0x00000001" local_memory="12884901888">
      <page_type size="4096" count="3145728"/>
      <page_type size="2097152" count="0"/>
      <object type="Package" os_level="-1" os_index="1" cpuset="0x00000005" complete_cpuset="0x00000005" online_cpuset="0x00000005" allowed_cpuset="0x00000005" nodeset="0x00000001" complete_nodeset="0x00000001" allowed_nodeset="0x00000001">
        <object type="Cache" os_level="-1" cpuset="0x00000005" complete_cpuset="0x00000005" online_cpuset="0x00000005" allowed_cpuset="0x00000005" nodeset="0x00000001" complete_nodeset="0x00000001" allowed_nodeset="0x00000001" cache_size="8388608" depth="3" cache_linesize="64" cache_associativity="16">
          <object type="Cache" os_level="-1" cpuset="0x00000001" complete_cpuset="0x00000001" online_cpuset="0x00000001" allowed_cpuset="0x00000001" nodeset="0x00000001" complete_nodeset="0x00000001" allowed_nodeset="0x00000001" cache_size="262144" depth="2" cache_linesize="64" cache_associativity="8">
            <object type="Cache" os_level="-1" cpuset="0x00000001" complete_cpuset="0x00000001" online_cpuset="0x00000001" allowed_cpuset="0x00000001" nodeset="0x00000001" complete_nodeset="0x00000001" allowed_nodeset="0x00000001" cache_size="32768" depth="1" cache_linesize="64" cache_associativity="8">
              <object type="Core" os_level="-1" os_index="0" cpuset="0x00000001" complete_cpuset="0x00000001" online_cpuset="0x00000001" allowed_cpuset="0x00000001" nodeset="0x00000001" complete_nodeset="0x00000001" allowed_nodeset="0x00000001">
                <object type="PU" os_level="-1" os_index="0" cpuset="0x00000001" complete_cpuset="0x00000001" online_cpuset="0x00000001" allowed_cpuset="0x00000001" nodeset="0x00000001" complete_nodeset="0x00000001" allowed_nodeset="0x00000001"/>
              </object>
            </object>
          </object>
          <object type="Cache" os_level="-1" cpuset="0x00000004" complete_cpuset="0x00000004" online_cpuset="0x00000004" allowed_cpuset="0x00000004" nodeset="0x00000001" complete_nodeset="0x00000001" allowed_nodeset="0x00000001" cache_size="262144" depth="2" cache_linesize="64" cache_associativity="8">
            <object type="Cache" os_level="-1" cpuset="0x00000004" complete_cpuset="0x00000004" online_cpuset="0x00000004" allowed_cpuset="0x00000004" nodeset="0x00000001" complete_nodeset="0x00000001" allowed_nodeset="0x00000001" cache_size="32768" depth="1" cache_linesize="64" cache_associativity="8">
              <object type="Core" os_level="-1" os_index="1" cpuset="0x00000004" complete_cpuset="0x00000004" online_cpuset="0x00000004" allowed_cpuset="0x00000004" nodeset="0x00000001" complete_nodeset="0x00000001" allowed_nodeset="0x00000001">
                <object type="PU" os_level="-1" os_index="2" cpuset="0x00000004" complete_cpuset="0x00000004" online_cpuset="0x00000004" allowed_cpuset="0x00000004" nodeset="0x00000001" complete_nodeset="0x00000001" allowed_nodeset="0x00000001"/>
              </object>
            </object>
          </object>
        </object>
      </object>
      <object type="Bridge" os_level="-1" os_index="0" bridge_type="0-1" depth="0" bridge_pci="0000:[00-04]">
        <object type="Bridge" os_level="-1" os_index="16" name="Intel Corporation X58 I/O Hub PCI Express Root Port 1" bridge_type="1-1" depth="0" bridge_pci="0000:[01-01]" pci_busid="0000:00:01.0" pci_type="0604 [8086:3408] [0000:0000] 13" pci_link_speed="0.400000">
          <info name="PCIVendor" value="Intel Corporation"/>
          <info name="PCIDevice" value="X58 I/O Hub PCI Express Root Port 1"/>
          <object type="PCIDev" os_level="-1" os_index="4096" name="Broadcom Corporation NetXtreme II BCM5716 Gigabit Ethernet" pci_busid="0000:01:00.0" pci_type="0200 [14e4:163b] [0028:008c] 20" pci_link_speed="0.200000">
            <info name="PCIVendor" value="Broadcom Corporation"/>
            <info name="PCIDevice" value="NetXtreme II BCM5716 Gigabit Ethernet"/>
            <object type="OSDev" os_level="-1" name="eth0" osdev_type="2">
              <info name="Address" value="00:24:e8:7f:92:68"/>
            </object>
          </object>
          <object type="PCIDev" os_level="-1" os_index="4097" name="Broadcom Corporation NetXtreme II BCM5716 Gigabit Ethernet" pci_busid="0000:01:00.1" pci_type="0200 [14e4:163b] [0028:008c] 20" pci_link_speed="0.200000">
            <info name="PCIVendor" value="Broadcom Corporation"/>
            <info name="PCIDevice" value="NetXtreme II BCM5716 Gigabit Ethernet"/>
            <object type="OSDev" os_level="-1" name="eth1" osdev_type="2">
              <info name="Address" value="00:24:e8:7f:92:69"/>
            </object>
          </object>
        </object>
        <object type="Bridge" os_level="-1" os_index="112" name="Intel Corporation X58 I/O Hub PCI Express Root Port 7" bridge_type="1-1" depth="0" bridge_pci="0000:[03-03]" pci_busid="0000:00:07.0" pci_type="0604 [8086:340e] [0000:0000] 13" pci_link_speed="0.200000">
          <info name="PCIVendor" value="Intel Corporation"/>
          <info name="PCIDevice" value="X58 I/O Hub PCI Express Root Port 7"/>
          <object type="PCIDev" os_level="-1" os_index="12288" name="LSI Logic / Symbios Logic MegaRAID SAS 1078" pci_busid="0000:03:00.0" pci_type="0104 [1000:0060] [0028:000b] 04" pci_link_speed="0.200000">
            <info name="PCIVendor" value="LSI Logic / Symbios Logic"/>
            <info name="PCIDevice" value="MegaRAID SAS 1078"/>
            <object type="OSDev" os_level="-1" name="sda" osdev_type="0"/>
          </object>
        </object>
        <object type="Bridge" os_level="-1" os_index="480" name="Intel Corporation 82801 PCI Bridge" bridge_type="1-1" depth="0" bridge_pci="0000:[04-04]" pci_busid="0000:00:1e.0" pci_type="0604 [8086:244e] [0000:0000] 90" pci_link_speed="0.000000">
          <info name="PCIVendor" value="Intel Corporation"/>
          <info name="PCIDevice" value="82801 PCI Bridge"/>
          <object type="PCIDev" os_level="-1" os_index="16432" name="Matrox Graphics, Inc. MGA G200eW WPCM450" pci_busid="0000:04:03.0" pci_type="0300 [102b:0532] [0028:008c] 0a" pci_link_speed="0.000000">
            <info name="PCIVendor" value="Matrox Graphics, Inc."/>
            <info name="PCIDevice" value="MGA G200eW WPCM450"/>
          </object>
        </object>
        <object type="PCIDev" os_level="-1" os_index="498" name="Intel Corporation 82801JI (ICH10 Family) 4 port SATA IDE Controller" pci_busid="0000:00:1f.2" pci_type="0101 [8086:3a20] [0028:008c] 00" pci_link_speed="0.100000">
          <info name="PCIVendor" value="Intel Corporation"/>
          <info name="PCIDevice" value="82801JI (ICH10 Family) 4 port SATA IDE Controller"/>
        </object>
        <object type="PCIDev" os_level="-1" os_index="331776" name="Mellanox Technologies MT25418 [ConnectX IB DDR, PCIe 2.0 2.5GT/s]" pci_busid="0000:51:00.0" pci_type="0c06 [15b3:634a] [00b3:004a] a0" pci_link_speed="2.000000">
          <info name="PCIVendor" value="Mellanox Technologies"/>
          <info name="PCIDevice" value="MT25418 [ConnectX IB DDR, PCIe 2.0 2.5GT/s]"/>
          <object type="OSDev" os_level="-1" name="ib0" osdev_type="2"/>
          <object type="OSDev" os_level="-1" name="ib1" osdev_type="2"/>
          <object type="OSDev" os_level="-1" name="mlx4_0" osdev_type="2"/>
        </object>
      </object>
    </object>
    <object type="NUMANode" os_level="-1" os_index="1" cpuset="0x0000000a" complete_cpuset="0x0000000a" online_cpuset="0x0000000a" allowed_cpuset="0x0000000a" nodeset="0x00000002" complete_nodeset="0x00000002" allowed_nodeset="0x00000002" local_memory="12874317824">
      <page_type size="4096" count="3143144"/>
      <page_type size="2097152" count="0"/>
      <object type="Package" os_level="-1" os_index="0" cpuset="0x0000000a" complete_cpuset="0x0000000a" online_cpuset="0x0000000a" allowed_cpuset="0x0000000a" nodeset="0x00000002" complete_nodeset="0x00000002" allowed_nodeset="0x00000002">
        <object type="Cache" os_level="-1" cpuset="0x0000000a" complete_cpuset="0x0000000a" online_cpuset="0x0000000a" allowed_cpuset="0x0000000a" nodeset="0x00000002" complete_nodeset="0x00000002" allowed_nodeset="0x00000002" cache_size="8388608" depth="3" cache_linesize="64" cache_associativity="16">
          <object type="Cache" os_level="-1" cpuset="0x00000002" complete_cpuset="0x00000002" online_cpuset="0x00000002" allowed_cpuset="0x00000002" nodeset="0x00000002" complete_nodeset="0x00000002" allowed_nodeset="0x00000002" cache_size="262144" depth="2" cache_linesize="64" cache_associativity="8">
            <object type="Cache" os_level="-1" cpuset="0x00000002" complete_cpuset="0x00000002" online_cpuset="0x00000002" allowed_cpuset="0x00000002" nodeset="0x00000002" complete_nodeset="0x00000002" allowed_nodeset="0x00000002" cache_size="32768" depth="1" cache_linesize="64" cache_associativity="8">
              <object type="Core" os_level="-1" os_index="0" cpuset="0x00000002" complete_cpuset="0x00000002" online_cpuset="0x00000002" allowed_cpuset="0x00000002" nodeset="0x00000002" complete_nodeset="0x00000002" allowed_nodeset="0x00000002">
                <object type="PU" os_level="-1" os_index="1" cpuset="0x00000002" complete_cpuset="0x00000002" online_cpuset="0x00000002" allowed_cpuset="0x00000002" nodeset="0x00000002" complete_nodeset="0x00000002" allowed_nodeset="0x00000002"/>
              </object>
            </object>
          </object>
          <object type="Cache" os_level="-1" cpuset="0x00000008" complete_cpuset="0x00000008" online_cpuset="0x00000008" allowed_cpuset="0x00000008" nodeset="0x00000002" complete_nodeset="0x00000002" allowed_nodeset="0x00000002" cache_size="262144" depth="2" cache_linesize="64" cache_associativity="8">
            <object type="Cache" os_level="-1" cpuset="0x00000008" complete_cpuset="0x00000008" online_cpuset="0x00000008" allowed_cpuset="0x00000008" nodeset="0x00000002" complete_nodeset="0x00000002" allowed_nodeset="0x00000002" cache_size="32768" depth="1" cache_linesize="64" cache_associativity="8">
              <object type="Core" os_level="-1" os_index="1" cpuset="0x00000008" complete_cpuset="0x00000008" online_cpuset="0x00000008" allowed_cpuset="0x00000008" nodeset="0x00000002" complete_nodeset="0x00000002" allowed_nodeset="0x00000002">
                <object type="PU" os_level="-1" os_index="3" cpuset="0x00000008" complete_cpuset="0x00000008" online_cpuset="0x00000008" allowed_cpuset="0x00000008" nodeset="0x00000002" complete_nodeset="0x00000002" allowed_nodeset="0x00000002"/>
              </object>
            </object>
          </object>
        </object>
      </object>
    </object>
  </object>
</topology>
