<?xml version="1.0" encoding="UTF-8"?>
<!DOCTYPE topology SYSTEM "hwloc.dtd">
<topology>
  <object type="Machine" os_level="-1" os_index="0" cpuset="0x0000000f" complete_cpuset="0x000000ff" online_cpuset="0x0000003f" allowed_cpuset="0x000000cf" nodeset="0x000000ff" complete_nodeset="0x000000ff" allowed_nodeset="0x000000ff">
    <info name="DMIBoardVendor" value="TYAN Computer Corp"/>
    <info name="DMIBoardName" value="S4881 "/>
    <info name="DMIBoardVersion" value="S4881"/>
    <info name="DMIBoardAssetTag" value=""/>
    <info name="Backend" value="Linux"/>
    <object type="NUMANode" os_level="-1" os_index="0" cpuset="0x00000003" complete_cpuset="0x00000003" online_cpuset="0x00000003" allowed_cpuset="0x00000003" nodeset="0x00000001" complete_nodeset="0x00000001" allowed_nodeset="0x00000001" local_memory="8587984896">
      <object type="Package" os_level="-1" os_index="0" cpuset="0x00000003" complete_cpuset="0x00000003" online_cpuset="0x00000003" allowed_cpuset="0x00000003" nodeset="0x00000001" complete_nodeset="0x00000001" allowed_nodeset="0x00000001">
        <object type="Cache" os_level="-1" cpuset="0x00000001" complete_cpuset="0x00000001" online_cpuset="0x00000001" allowed_cpuset="0x00000001" nodeset="0x00000001" complete_nodeset="0x00000001" allowed_nodeset="0x00000001" cache_size="1048576" depth="2" cache_linesize="64">
          <object type="Cache" os_level="-1" cpuset="0x00000001" complete_cpuset="0x00000001" online_cpuset="0x00000001" allowed_cpuset="0x00000001" nodeset="0x00000001" complete_nodeset="0x00000001" allowed_nodeset="0x00000001" cache_size="65536" depth="1" cache_linesize="64">
            <object type="Core" os_level="-1" os_index="0" cpuset="0x00000001" complete_cpuset="0x00000001" online_cpuset="0x00000001" allowed_cpuset="0x00000001" nodeset="0x00000001" complete_nodeset="0x00000001" allowed_nodeset="0x00000001">
              <object type="PU" os_level="-1" os_index="0" cpuset="0x00000001" complete_cpuset="0x00000001" online_cpuset="0x00000001" allowed_cpuset="0x00000001" nodeset="0x00000001" complete_nodeset="0x00000001" allowed_nodeset="0x00000001"/>
            </object>
          </object>
        </object>
        <object type="Cache" os_level="-1" cpuset="0x00000002" complete_cpuset="0x00000002" online_cpuset="0x00000002" allowed_cpuset="0x00000002" nodeset="0x00000001" complete_nodeset="0x00000001" allowed_nodeset="0x00000001" cache_size="1048576" depth="2" cache_linesize="64">
          <object type="Cache" os_level="-1" cpuset="0x00000002" complete_cpuset="0x00000002" online_cpuset="0x00000002" allowed_cpuset="0x00000002" nodeset="0x00000001" complete_nodeset="0x00000001" allowed_nodeset="0x00000001" cache_size="65536" depth="1" cache_linesize="64">
            <object type="Core" os_level="-1" os_index="1" cpuset="0x00000002" complete_cpuset="0x00000002" online_cpuset="0x00000002" allowed_cpuset="0x00000002" nodeset="0x00000001" complete_nodeset="0x00000001" allowed_nodeset="0x00000001">
              <object type="PU" os_level="-1" os_index="1" cpuset="0x00000002" complete_cpuset="0x00000002" online_cpuset="0x00000002" allowed_cpuset="0x00000002" nodeset="0x00000001" complete_nodeset="0x00000001" allowed_nodeset="0x00000001"/>
            </object>
          </object>
        </object>
      </object>
    </object>
    <object type="NUMANode" os_level="-1" os_index="1" cpuset="0x0000000c" complete_cpuset="0x0000000c" online_cpuset="0x0000000c" allowed_cpuset="0x0000000c" nodeset="0x00000002" complete_nodeset="0x00000002" allowed_nodeset="0x00000002" local_memory="8589934592">
      <object type="Package" os_level="-1" os_index="1" cpuset="0x0000000c" complete_cpuset="0x0000000c" online_cpuset="0x0000000c" allowed_cpuset="0x0000000c" nodeset="0x00000002" complete_nodeset="0x00000002" allowed_nodeset="0x00000002">
        <object type="Cache" os_level="-1" cpuset="0x00000004" complete_cpuset="0x00000004" online_cpuset="0x00000004" allowed_cpuset="0x00000004" nodeset="0x00000002" complete_nodeset="0x00000002" allowed_nodeset="0x00000002" cache_size="1048576" depth="2" cache_linesize="64">
          <object type="Cache" os_level="-1" cpuset="0x00000004" complete_cpuset="0x00000004" online_cpuset="0x00000004" allowed_cpuset="0x00000004" nodeset="0x00000002" complete_nodeset="0x00000002" allowed_nodeset="0x00000002" cache_size="65536" depth="1" cache_linesize="64">
            <object type="Core" os_level="-1" os_index="0" cpuset="0x00000004" complete_cpuset="0x00000004" online_cpuset="0x00000004" allowed_cpuset="0x00000004" nodeset="0x00000002" complete_nodeset="0x00000002" allowed_nodeset="0x00000002">
              <object type="PU" os_level="-1" os_index="2" cpuset="0x00000004" complete_cpuset="0x00000004" online_cpuset="0x00000004" allowed_cpuset="0x00000004" nodeset="0x00000002" complete_nodeset="0x00000002" allowed_nodeset="0x00000002"/>
            </object>
          </object>
        </object>
        <object type="Cache" os_level="-1" cpuset="0x00000008" complete_cpuset="0x00000008" online_cpuset="0x00000008" allowed_cpuset="0x00000008" nodeset="0x00000002" complete_nodeset="0x00000002" allowed_nodeset="0x00000002" cache_size="1048576" depth="2" cache_linesize="64">
          <object type="Cache" os_level="-1" cpuset="0x00000008" complete_cpuset="0x00000008" online_cpuset="0x00000008" allowed_cpuset="0x00000008" nodeset="0x00000002" complete_nodeset="0x00000002" allowed_nodeset="0x00000002" cache_size="65536" depth="1" cache_linesize="64">
            <object type="Core" os_level="-1" os_index="1" cpuset="0x00000008" complete_cpuset="0x00000008" online_cpuset="0x00000008" allowed_cpuset="0x00000008" nodeset="0x00000002" complete_nodeset="0x00000002" allowed_nodeset="0x00000002">
              <object type="PU" os_level="-1" os_index="3" cpuset="0x00000008" complete_cpuset="0x00000008" online_cpuset="0x00000008" allowed_cpuset="0x00000008" nodeset="0x00000002" complete_nodeset="0x00000002" allowed_nodeset="0x00000002"/>
            </object>
          </object>
        </object>
      </object>
    </object>
    <object type="NUMANode" os_level="-1" os_index="2" cpuset="0x00000030" complete_cpuset="0x00000030" online_cpuset="0x00000030" allowed_cpuset="0x00000030" nodeset="0x00000004" complete_nodeset="0x00000004" allowed_nodeset="0x00000004" local_memory="8589934592">
      <object type="Package" os_level="-1" os_index="2" cpuset="0x00000030" complete_cpuset="0x00000030" online_cpuset="0x00000030" allowed_cpuset="0x00000030" nodeset="0x00000004" complete_nodeset="0x00000004" allowed_nodeset="0x00000004">
        <object type="Cache" os_level="-1" cpuset="0x00000010" complete_cpuset="0x00000010" online_cpuset="0x00000010" allowed_cpuset="0x00000010" nodeset="0x00000004" complete_nodeset="0x00000004" allowed_nodeset="0x00000004" cache_size="1048576" depth="2" cache_linesize="64">
          <object type="Cache" os_level="-1" cpuset="0x00000010" complete_cpuset="0x00000010" online_cpuset="0x00000010" allowed_cpuset="0x00000010" nodeset="0x00000004" complete_nodeset="0x00000004" allowed_nodeset="0x00000004" cache_size="65536" depth="1" cache_linesize="64">
            <object type="Core" os_level="-1" os_index="0" cpuset="0x00000010" complete_cpuset="0x00000010" online_cpuset="0x00000010" allowed_cpuset="0x00000010" nodeset="0x00000004" complete_nodeset="0x00000004" allowed_nodeset="0x00000004">
              <object type="PU" os_level="-1" os_index="4" cpuset="0x00000010" complete_cpuset="0x00000010" online_cpuset="0x00000010" allowed_cpuset="0x00000010" nodeset="0x00000004" complete_nodeset="0x00000004" allowed_nodeset="0x00000004"/>
            </object>
          </object>
        </object>
        <object type="Cache" os_level="-1" cpuset="0x00000020" complete_cpuset="0x00000020" online_cpuset="0x00000020" allowed_cpuset="0x00000020" nodeset="0x00000004" complete_nodeset="0x00000004" allowed_nodeset="0x00000004" cache_size="1048576" depth="2" cache_linesize="64">
          <object type="Cache" os_level="-1" cpuset="0x00000020" complete_cpuset="0x00000020" online_cpuset="0x00000020" allowed_cpuset="0x00000020" nodeset="0x00000004" complete_nodeset="0x00000004" allowed_nodeset="0x00000004" cache_size="65536" depth="1" cache_linesize="64">
            <object type="Core" os_level="-1" os_index="1" cpuset="0x00000020" complete_cpuset="0x00000020" online_cpuset="0x00000020" allowed_cpuset="0x00000020" nodeset="0x00000004" complete_nodeset="0x00000004" allowed_nodeset="0x00000004">
              <object type="PU" os_level="-1" os_index="5" cpuset="0x00000020" complete_cpuset="0x00000020" online_cpuset="0x00000020" allowed_cpuset="0x00000020" nodeset="0x00000004" complete_nodeset="0x00000004" allowed_nodeset="0x00000004"/>
            </object>
          </object>
        </object>
      </object>
    </object>
    <object type="NUMANode" os_level="-1" os_index="3" cpuset="0x000000c0" complete_cpuset="0x000000c0" online_cpuset="0x000000c0" allowed_cpuset="0x000000c0" nodeset="0x00000008" complete_nodeset="0x00000008" allowed_nodeset="0x00000008" local_memory="8589934592">
      <object type="Package" os_level="-1" os_index="3" cpuset="0x000000c0" complete_cpuset="0x000000c0" online_cpuset="0x000000c0" allowed_cpuset="0x000000c0" nodeset="0x00000008" complete_nodeset="0x00000008" allowed_nodeset="0x00000008">
        <object type="Cache" os_level="-1" cpuset="0x00000040" complete_cpuset="0x00000040" online_cpuset="0x00000040" allowed_cpuset="0x00000040" nodeset="0x00000008" complete_nodeset="0x00000008" allowed_nodeset="0x00000008" cache_size="1048576" depth="2" cache_linesize="64">
          <object type="Cache" os_level="-1" cpuset="0x00000040" complete_cpuset="0x00000040" online_cpuset="0x00000040" allowed_cpuset="0x00000040" nodeset="0x00000008" complete_nodeset="0x00000008" allowed_nodeset="0x00000008" cache_size="65536" depth="1" cache_linesize="64">
            <object type="Core" os_level="-1" os_index="0" cpuset="0x00000040" complete_cpuset="0x00000040" online_cpuset="0x00000040" allowed_cpuset="0x00000040" nodeset="0x00000008" complete_nodeset="0x00000008" allowed_nodeset="0x00000008">
              <object type="PU" os_level="-1" os_index="6" cpuset="0x00000040" complete_cpuset="0x00000040" online_cpuset="0x00000040" allowed_cpuset="0x00000040" nodeset="0x00000008" complete_nodeset="0x00000008" allowed_nodeset="0x00000008"/>
            </object>
          </object>
        </object>
        <object type="Cache" os_level="-1" cpuset="0x00000080" complete_cpuset="0x00000080" online_cpuset="0x00000080" allowed_cpuset="0x00000080" nodeset="0x00000008" complete_nodeset="0x00000008" allowed_nodeset="0x00000008" cache_size="1048576" depth="2" cache_linesize="64">
          <object type="Cache" os_level="-1" cpuset="0x00000080" complete_cpuset="0x00000080" online_cpuset="0x00000080" allowed_cpuset="0x00000080" nodeset="0x00000008" complete_nodeset="0x00000008" allowed_nodeset="0x00000008" cache_size="65536" depth="1" cache_linesize="64">
            <object type="Core" os_level="-1" os_index="1" cpuset="0x00000080" complete_cpuset="0x00000080" online_cpuset="0x00000080" allowed_cpuset="0x00000080" nodeset="0x00000008" complete_nodeset="0x00000008" allowed_nodeset="0x00000008">
              <object type="PU" os_level="-1" os_index="7" cpuset="0x00000080" complete_cpuset="0x00000080" online_cpuset="0x00000080" allowed_cpuset="0x00000080" nodeset="0x00000008" complete_nodeset="0x00000008" allowed_nodeset="0x00000008"/>
            </object>
          </object>
        </object>
      </object>
    </object>
  </object>
</topology>
