<?xml version="1.0" encoding="UTF-8"?>
<!DOCTYPE topology SYSTEM "hwloc.dtd">
<topology>
  <object type="Machine" os_index="0" cpuset="0xf0f0f0f0" complete_cpuset="0xf0f0f0f0" online_cpuset="0xf0f0f0f0" allowed_cpuset="0xf0f0f0f0" nodeset="0x00000003" complete_nodeset="0x00000003" allowed_nodeset="0x00000003">
    <page_type size="65536" count="0"/>
    <page_type size="16777216" count="0"/>
    <object type="NUMANode" os_index="0" cpuset="0x0000f0f0" complete_cpuset="0x0000f0f0" online_cpuset="0x0000f0f0" allowed_cpuset="0x0000f0f0" nodeset="0x00000001" complete_nodeset="0x00000001" allowed_nodeset="0x00000001" local_memory="31943819264">
      <page_type size="65536" count="487424"/>
      <page_type size="16777216" count="0"/>
      <object type="PU" os_index="4" cpuset="0x00000010" complete_cpuset="0x00000010" online_cpuset="0x00000010" allowed_cpuset="0x00000010" nodeset="0x00000001" complete_nodeset="0x00000001" allowed_nodeset="0x00000001"/>
      <object type="PU" os_index="5" cpuset="0x00000020" complete_cpuset="0x00000020" online_cpuset="0x00000020" allowed_cpuset="0x00000020" nodeset="0x00000001" complete_nodeset="0x00000001" allowed_nodeset="0x00000001"/>
      <object type="PU" os_index="6" cpuset="0x00000040" complete_cpuset="0x00000040" online_cpuset="0x00000040" allowed_cpuset="0x00000040" nodeset="0x00000001" complete_nodeset="0x00000001" allowed_nodeset="0x00000001"/>
      <object type="PU" os_index="7" cpuset="0x00000080" complete_cpuset="0x00000080" online_cpuset="0x00000080" allowed_cpuset="0x00000080" nodeset="0x00000001" complete_nodeset="0x00000001" allowed_nodeset="0x00000001"/>
      <object type="PU" os_index="12" cpuset="0x00001000" complete_cpuset="0x00001000" online_cpuset="0x00001000" allowed_cpuset="0x00001000" nodeset="0x00000001" complete_nodeset="0x00000001" allowed_nodeset="0x00000001"/>
      <object type="PU" os_index="13" cpuset="0x00002000" complete_cpuset="0x00002000" online_cpuset="0x00002000" allowed_cpuset="0x00002000" nodeset="0x00000001" complete_nodeset="0x00000001" allowed_nodeset="0x00000001"/>
      <object type="PU" os_index="14" cpuset="0x00004000" complete_cpuset="0x00004000" online_cpuset="0x00004000" allowed_cpuset="0x00004000" nodeset="0x00000001" complete_nodeset="0x00000001" allowed_nodeset="0x00000001"/>
      <object type="PU" os_index="15" cpuset="0x00008000" complete_cpuset="0x00008000" online_cpuset="0x00008000" allowed_cpuset="0x00008000" nodeset="0x00000001" complete_nodeset="0x00000001" allowed_nodeset="0x00000001"/>
    </object>
    <object type="NUMANode" os_index="1" cpuset="0xf0f00000" complete_cpuset="0xf0f00000" online_cpuset="0xf0f00000" allowed_cpuset="0xf0f00000" nodeset="0x00000002" complete_nodeset="0x00000002" allowed_nodeset="0x00000002" local_memory="33554432000">
      <page_type size="65536" count="512000"/>
      <page_type size="16777216" count="0"/>
      <object type="PU" os_index="20" cpuset="0x00100000" complete_cpuset="0x00100000" online_cpuset="0x00100000" allowed_cpuset="0x00100000" nodeset="0x00000002" complete_nodeset="0x00000002" allowed_nodeset="0x00000002"/>
      <object type="PU" os_index="21" cpuset="0x00200000" complete_cpuset="0x00200000" online_cpuset="0x00200000" allowed_cpuset="0x00200000" nodeset="0x00000002" complete_nodeset="0x00000002" allowed_nodeset="0x00000002"/>
      <object type="PU" os_index="22" cpuset="0x00400000" complete_cpuset="0x00400000" online_cpuset="0x00400000" allowed_cpuset="0x00400000" nodeset="0x00000002" complete_nodeset="0x00000002" allowed_nodeset="0x00000002"/>
      <object type="PU" os_index="23" cpuset="0x00800000" complete_cpuset="0x00800000" online_cpuset="0x00800000" allowed_cpuset="0x00800000" nodeset="0x00000002" complete_nodeset="0x00000002" allowed_nodeset="0x00000002"/>
      <object type="PU" os_index="28" cpuset="0x10000000" complete_cpuset="0x10000000" online_cpuset="0x10000000" allowed_cpuset="0x10000000" nodeset="0x00000002" complete_nodeset="0x00000002" allowed_nodeset="0x00000002"/>
      <object type="PU" os_index="29" cpuset="0x20000000" complete_cpuset="0x20000000" online_cpuset="0x20000000" allowed_cpuset="0x20000000" nodeset="0x00000002" complete_nodeset="0x00000002" allowed_nodeset="0x00000002"/>
      <object type="PU" os_index="30" cpuset="0x40000000" complete_cpuset="0x40000000" online_cpuset="0x40000000" allowed_cpuset="0x40000000" nodeset="0x00000002" complete_nodeset="0x00000002" allowed_nodeset="0x00000002"/>
      <object type="PU" os_index="31" cpuset="0x80000000" complete_cpuset="0x80000000" online_cpuset="0x80000000" allowed_cpuset="0x80000000" nodeset="0x00000002" complete_nodeset="0x00000002" allowed_nodeset="0x00000002"/>
    </object>
  </object>
</topology>
